{"cameraMode":{"drawMode":0,"name":"Shaded","section":"Shading Mode"},"sceneLighting":true,"audioPlay":false,"sceneViewState":{"showFog":false,"showMaterialUpdate":false,"showSkybox":false,"showFlares":false,"showImageEffects":false,"showParticleSystems":false},"in2DMode":false,"pivot":{"x":-8.758841514587403,"y":0.6366837620735169,"z":-3.508809804916382},"rotation":{"x":0.014560280367732048,"y":-0.8349164128303528,"z":0.021909303963184358,"w":0.5497478246688843},"size":13.354421615600586,"orthographic":false}